{"cameraMode":{"drawMode":0,"name":"Shaded","section":"Shading Mode"},"sceneLighting":false,"audioPlay":false,"sceneViewState":{"showFog":true,"showMaterialUpdate":false,"showSkybox":false,"showFlares":true,"showImageEffects":true,"showParticleSystems":true},"in2DMode":false,"pivot":{"x":0.5096089243888855,"y":-1.5303562879562379,"z":-0.5076920986175537},"rotation":{"x":0.014928706921637059,"y":0.8514496088027954,"z":-0.024272682145237924,"w":0.5236677527427673},"size":3.8056232929229738,"orthographic":true}