{"cameraMode":{"drawMode":0,"name":"Shaded","section":"Shading Mode"},"sceneLighting":true,"audioPlay":false,"sceneViewState":{"showFog":true,"showMaterialUpdate":false,"showSkybox":true,"showFlares":true,"showImageEffects":true,"showParticleSystems":true},"in2DMode":false,"pivot":{"x":937.19287109375,"y":299.8102111816406,"z":213.61032104492188},"rotation":{"x":-0.10198166221380234,"y":0.8892015814781189,"z":-0.24208694696426392,"w":-0.3745855391025543},"size":899.0957641601563,"orthographic":false}